{
  "presentation": {
    "n_pairs": 25,
    "baseline_mean": 3.44,
    "treatment_mean": 3.52,
    "mean_difference": 0.08,
    "cohen_d": 0.1573982005881487,
    "standard_error": 0.28329854308861,
    "ci_low": -0.3978669438655269,
    "ci_high": 0.7126633450418243,
    "diffs": [
      0.0,
      0.0,
      -1.0,
      0.0,
      0.0,
      1.0,
      1.0,
      0.0,
      0.0,
      0.0,
      1.0,
      0.0,
      0.0,
      0.0,
      0.0,
      0.0,
      0.0,
      0.0,
      0.0,
      0.0,
      0.0,
      0.0,
      0.0,
      0.0,
      0.0
    ]
  },
  "contribution": {
    "n_pairs": 25,
    "baseline_mean": 3.88,
    "treatment_mean": 3.96,
    "mean_difference": 0.08,
    "cohen_d": 0.2921186973360886,
    "standard_error": 0.2844097201026872,
    "ci_low": -0.26532435406517835,
    "ci_high": 0.8495617487373555,
    "diffs": [
      0.0,
      0.0,
      0.0,
      0.0,
      0.0,
      0.0,
      0.0,
      0.0,
      0.0,
      0.0,
      0.0,
      0.0,
      0.0,
      0.0,
      0.0,
      0.0,
      1.0,
      0.0,
      0.0,
      1.0,
      0.0,
      0.0,
      0.0,
      0.0,
      0.0
    ]
  },
  "rating": {
    "n_pairs": 25,
    "baseline_mean": 7.76,
    "treatment_mean": 7.92,
    "mean_difference": 0.16,
    "cohen_d": 0.2921186973360886,
    "standard_error": 0.2844097201026872,
    "ci_low": -0.26532435406517835,
    "ci_high": 0.8495617487373555,
    "diffs": [
      0.0,
      0.0,
      0.0,
      0.0,
      0.0,
      0.0,
      0.0,
      0.0,
      0.0,
      0.0,
      0.0,
      0.0,
      0.0,
      0.0,
      0.0,
      0.0,
      2.0,
      0.0,
      0.0,
      2.0,
      0.0,
      0.0,
      0.0,
      0.0,
      0.0
    ]
  },
  "overall_score": {
    "n_pairs": 25,
    "baseline_mean": 7.76,
    "treatment_mean": 7.92,
    "mean_difference": 0.16,
    "cohen_d": 0.2921186973360886,
    "standard_error": 0.2844097201026872,
    "ci_low": -0.26532435406517835,
    "ci_high": 0.8495617487373555,
    "diffs": [
      0.0,
      0.0,
      0.0,
      0.0,
      0.0,
      0.0,
      0.0,
      0.0,
      0.0,
      0.0,
      0.0,
      0.0,
      0.0,
      0.0,
      0.0,
      0.0,
      2.0,
      0.0,
      0.0,
      2.0,
      0.0,
      0.0,
      0.0,
      0.0,
      0.0
    ]
  },
  "confidence": {
    "n_pairs": 25,
    "baseline_mean": 4.6,
    "treatment_mean": 4.88,
    "mean_difference": 0.28,
    "cohen_d": 0.6599663291074443,
    "standard_error": 0.2907525357362117,
    "ci_low": 0.09009135906446941,
    "ci_high": 1.2298412991504193,
    "diffs": [
      0.0,
      1.0,
      0.0,
      0.0,
      1.0,
      1.0,
      0.0,
      1.0,
      0.0,
      1.0,
      0.0,
      0.0,
      0.0,
      0.0,
      0.0,
      0.0,
      1.0,
      0.0,
      0.0,
      0.0,
      0.0,
      0.0,
      0.0,
      0.0,
      1.0
    ]
  },
  "practicality_assessment.input_realism": {
    "n_pairs": 25,
    "baseline_mean": 3.64,
    "treatment_mean": 3.8,
    "mean_difference": 0.16,
    "cohen_d": 0.23763541031440186,
    "standard_error": 0.2838806708709095,
    "ci_low": -0.31877070459258083,
    "ci_high": 0.7940415252213845,
    "diffs": [
      1.0,
      1.0,
      0.0,
      0.0,
      0.0,
      0.0,
      0.0,
      1.0,
      0.0,
      0.0,
      0.0,
      1.0,
      -1.0,
      0.0,
      0.0,
      0.0,
      1.0,
      0.0,
      0.0,
      0.0,
      0.0,
      0.0,
      0.0,
      0.0,
      0.0
    ]
  },
  "practicality_assessment.scalability_and_efficiency": {
    "n_pairs": 25,
    "baseline_mean": 3.6,
    "treatment_mean": 3.96,
    "mean_difference": 0.36,
    "cohen_d": 0.6056339264194077,
    "standard_error": 0.28951814229333045,
    "ci_low": 0.038178367524480006,
    "ci_high": 1.1730894853143354,
    "diffs": [
      0.0,
      1.0,
      0.0,
      0.0,
      0.0,
      1.0,
      0.0,
      0.0,
      0.0,
      1.0,
      1.0,
      0.0,
      1.0,
      1.0,
      0.0,
      0.0,
      0.0,
      1.0,
      0.0,
      1.0,
      0.0,
      0.0,
      0.0,
      0.0,
      1.0
    ]
  },
  "practicality_assessment.generality_and_scope": {
    "n_pairs": 25,
    "baseline_mean": 3.76,
    "treatment_mean": 3.92,
    "mean_difference": 0.16,
    "cohen_d": 0.24542879643115856,
    "standard_error": 0.28394973319302863,
    "ci_low": -0.31111268062717756,
    "ci_high": 0.8019702734894947,
    "diffs": [
      -1.0,
      0.0,
      0.0,
      1.0,
      0.0,
      1.0,
      0.0,
      0.0,
      0.0,
      0.0,
      0.0,
      0.0,
      1.0,
      1.0,
      0.0,
      0.0,
      1.0,
      0.0,
      0.0,
      0.0,
      0.0,
      0.0,
      -1.0,
      0.0,
      1.0
    ]
  },
  "practicality_assessment.mechanism_task_fit": {
    "n_pairs": 25,
    "baseline_mean": 4.92,
    "treatment_mean": 4.96,
    "mean_difference": 0.04,
    "cohen_d": 0.16561573424216502,
    "standard_error": 0.2833473385894321,
    "ci_low": -0.38974504939312193,
    "ci_high": 0.720976517877452,
    "diffs": [
      0.0,
      0.0,
      0.0,
      0.0,
      0.0,
      0.0,
      0.0,
      0.0,
      0.0,
      0.0,
      0.0,
      0.0,
      0.0,
      0.0,
      0.0,
      0.0,
      0.0,
      0.0,
      0.0,
      0.0,
      0.0,
      0.0,
      0.0,
      0.0,
      1.0
    ]
  }
}